INSERT INTO users (id, username, password_digest, created_at, updated_at) VALUES (2, 'hermanni', '$2a$10$zdYhcr0un/NoZh92t7QzPunyVaIGlTowjdZ8iCKk9dRifOyDvTEbW', '2015-03-15 13:19:56.920731', '2015-03-15 13:19:56.920731');
INSERT INTO users (id, username, password_digest, created_at, updated_at) VALUES (1, 'kissa', '$2a$10$09z.GulYT1k39TykKJ5AJ.hQw767kCh0Y4ET6tNonn/CR.lIYm09m', '2015-03-15 11:42:34.290423', '2015-03-15 13:53:34.608852');
INSERT INTO users (id, username, password_digest, created_at, updated_at) VALUES (3, 'user', '$2a$10$VPG5jta16LOLquksipvZh.c4ExkYj/DmD7FORF/p4LSsCh2B3vn1K', '2015-03-15 21:22:58.166877', '2015-03-15 21:22:58.166877');
INSERT INTO users (id, username, password_digest, created_at, updated_at) VALUES (4, 'user2', '$2a$10$Zo9AcgxRBSDVsoOGehqwQ.qzVUYmFos5FzoexsJujWs0RZGDw/msS', '2015-03-15 21:27:19.970438', '2015-03-15 21:27:19.970438');
INSERT INTO users (id, username, password_digest, created_at, updated_at) VALUES (5, 'JokuTest', '$2a$10$bH2TuQpuIURl4VX.GNqkDeduLNlABzSsJTLavXE/NHaUmoeE5bV3O', '2015-03-28 11:53:42.2711', '2015-03-28 11:53:42.2711');
INSERT INTO users (id, username, password_digest, created_at, updated_at) VALUES (6, 'Testaaja', '$2a$10$c6HSTCtblejzzLtPQwoXTeLkdU7Mcn1Mbf9Wu/i3zlC2Xa.Jqw5tW', '2015-04-27 18:53:34.41641', '2015-04-27 18:53:34.41641');
INSERT INTO groups (id, name, user_id, created_at, updated_at) VALUES (2, 'pasddeasd', 2, '2015-03-15 13:20:09.453704', '2015-03-15 13:20:09.453704');
INSERT INTO groups (id, name, user_id, created_at, updated_at) VALUES (3, 'rre', 1, '2015-03-15 13:41:42.21447', '2015-03-15 13:41:42.21447');
INSERT INTO groups (id, name, user_id, created_at, updated_at) VALUES (4, 'vrewr', 1, '2015-03-15 13:42:24.838511', '2015-03-15 13:42:24.838511');
INSERT INTO groups (id, name, user_id, created_at, updated_at) VALUES (5, 'emptyGroup', 1, '2015-03-15 14:36:34.437081', '2015-03-15 14:36:34.437081');
INSERT INTO groups (id, name, user_id, created_at, updated_at) VALUES (6, 'Gruppen1', 3, '2015-03-15 21:24:06.383164', '2015-03-15 21:24:06.383164');
INSERT INTO groups (id, name, user_id, created_at, updated_at) VALUES (7, 'Gruppen2', 3, '2015-03-15 21:24:13.793702', '2015-03-15 21:24:13.793702');
INSERT INTO groups (id, name, user_id, created_at, updated_at) VALUES (8, 'stupid group', 4, '2015-03-15 21:28:05.967274', '2015-03-15 21:28:05.967274');
INSERT INTO groups (id, name, user_id, created_at, updated_at) VALUES (9, 'kissa', 3, '2015-03-19 12:15:20.5148', '2015-03-19 12:15:20.5148');
INSERT INTO groups (id, name, user_id, created_at, updated_at) VALUES (10, 'fdd', 4, '2015-03-19 12:22:19.160895', '2015-03-19 12:22:29.55369');
INSERT INTO groups (id, name, user_id, created_at, updated_at) VALUES (14, 'Oma pikku testi', 5, '2015-03-28 11:53:53.490196', '2015-03-28 11:53:53.490196');
INSERT INTO groups (id, name, user_id, created_at, updated_at) VALUES (15, 'Testi', 6, '2015-04-27 18:54:31.038611', '2015-04-27 18:54:31.038611');
INSERT INTO tasks (id, name, description, completed, priority, user_id, created_at, updated_at) VALUES (2, 'Perunaaski', 'deskriptioni', false, 32, 1, '2015-03-15 13:41:22.161933', '2015-03-15 13:41:22.161933');
INSERT INTO tasks (id, name, description, completed, priority, user_id, created_at, updated_at) VALUES (4, 'Krapula', 'dsad', true, 17, 1, '2015-03-15 13:42:43.145927', '2015-03-15 13:42:43.145927');
INSERT INTO tasks (id, name, description, completed, priority, user_id, created_at, updated_at) VALUES (3, 'Vessa', 'käy vessassa', false, 15, 1, '2015-03-15 13:41:57.768047', '2015-03-15 13:44:36.961891');
INSERT INTO tasks (id, name, description, completed, priority, user_id, created_at, updated_at) VALUES (6, 'DonePriority', 'Completed task with high priority. Should be last on the list since this is completed', true, 9001, 3, '2015-03-15 21:23:57.519778', '2015-03-15 21:23:57.519778');
INSERT INTO tasks (id, name, description, completed, priority, user_id, created_at, updated_at) VALUES (7, 'taskgroup1', 'Task with one group', false, 2, 3, '2015-03-15 21:24:36.469565', '2015-03-15 21:24:36.469565');
INSERT INTO tasks (id, name, description, completed, priority, user_id, created_at, updated_at) VALUES (9, 'user2', 'create user 2', true, 0, 4, '2015-03-15 21:27:57.537772', '2015-03-15 21:27:57.537772');
INSERT INTO tasks (id, name, description, completed, priority, user_id, created_at, updated_at) VALUES (11, 'fff', 'ddd', false, NULL, 4, '2015-03-19 12:22:02.643816', '2015-03-19 12:22:02.643816');
INSERT INTO tasks (id, name, description, completed, priority, user_id, created_at, updated_at) VALUES (12, 'dsafs', 'asas', false, 2, 4, '2015-03-19 12:22:56.8582', '2015-03-19 12:22:56.8582');
INSERT INTO tasks (id, name, description, completed, priority, user_id, created_at, updated_at) VALUES (10, 'ruoki mirri', 'meow :3', false, 10, 3, '2015-03-19 12:15:44.252614', '2015-04-27 18:53:29.90139');
INSERT INTO tasks (id, name, description, completed, priority, user_id, created_at, updated_at) VALUES (8, 'MultiGroup', 'Task with multiple groups', false, 4, 3, '2015-03-15 21:25:09.574325', '2015-04-27 18:53:32.434688');
INSERT INTO tasks (id, name, description, completed, priority, user_id, created_at, updated_at) VALUES (16, 'Tehtävä', 'asasfasf', false, 1, 6, '2015-04-27 18:54:53.340941', '2015-04-27 18:54:53.340941');
INSERT INTO tasks (id, name, description, completed, priority, user_id, created_at, updated_at) VALUES (17, 'Mirrille makkaraa', 'mirrin ruoka-aika', false, 3, 3, '2015-04-27 19:26:35.979423', '2015-04-27 19:26:35.979423');
INSERT INTO tasks (id, name, description, completed, priority, user_id, created_at, updated_at) VALUES (18, 'kermaa mirrille', 'mirri tykkää siitä :3', false, 21, 3, '2015-04-27 19:26:59.920675', '2015-04-27 19:26:59.920675');
INSERT INTO tasks (id, name, description, completed, priority, user_id, created_at, updated_at) VALUES (19, 'pese mirri', 'mirri on ruvennut haisemaan :<', false, 9, 3, '2015-04-27 19:27:27.361875', '2015-04-27 19:27:27.361875');
INSERT INTO tasks (id, name, description, completed, priority, user_id, created_at, updated_at) VALUES (20, 'huolehdi mirrin turkista', 'mirrin turkki on päässyt rehottamaan :<', false, 30, 3, '2015-04-27 19:30:30.168865', '2015-04-27 19:39:35.820336');
INSERT INTO task_to_groups (id, task_id, group_id, created_at, updated_at) VALUES (1, 1, 1, '2015-03-15 11:43:34.803857', '2015-03-15 11:43:34.803857');
INSERT INTO task_to_groups (id, task_id, group_id, created_at, updated_at) VALUES (2, 3, 3, '2015-03-15 13:41:57.780849', '2015-03-15 13:41:57.780849');
INSERT INTO task_to_groups (id, task_id, group_id, created_at, updated_at) VALUES (3, 4, 3, '2015-03-15 13:42:43.159327', '2015-03-15 13:42:43.159327');
INSERT INTO task_to_groups (id, task_id, group_id, created_at, updated_at) VALUES (4, 4, 4, '2015-03-15 13:42:43.168087', '2015-03-15 13:42:43.168087');
INSERT INTO task_to_groups (id, task_id, group_id, created_at, updated_at) VALUES (5, 7, 6, '2015-03-15 21:24:36.490491', '2015-03-15 21:24:36.490491');
INSERT INTO task_to_groups (id, task_id, group_id, created_at, updated_at) VALUES (6, 8, 6, '2015-03-15 21:25:09.58966', '2015-03-15 21:25:09.58966');
INSERT INTO task_to_groups (id, task_id, group_id, created_at, updated_at) VALUES (7, 8, 7, '2015-03-15 21:25:09.599029', '2015-03-15 21:25:09.599029');
INSERT INTO task_to_groups (id, task_id, group_id, created_at, updated_at) VALUES (8, 9, 8, '2015-03-15 21:28:12.48079', '2015-03-15 21:28:12.48079');
INSERT INTO task_to_groups (id, task_id, group_id, created_at, updated_at) VALUES (11, 10, 9, '2015-03-19 12:15:44.276751', '2015-03-19 12:15:44.276751');
INSERT INTO task_to_groups (id, task_id, group_id, created_at, updated_at) VALUES (12, 11, 8, '2015-03-19 12:22:02.659354', '2015-03-19 12:22:02.659354');
INSERT INTO task_to_groups (id, task_id, group_id, created_at, updated_at) VALUES (15, 16, 15, '2015-04-27 18:54:53.364772', '2015-04-27 18:54:53.364772');
INSERT INTO task_to_groups (id, task_id, group_id, created_at, updated_at) VALUES (16, 17, 9, '2015-04-27 19:26:35.994185', '2015-04-27 19:26:35.994185');
INSERT INTO task_to_groups (id, task_id, group_id, created_at, updated_at) VALUES (17, 18, 9, '2015-04-27 19:26:59.975015', '2015-04-27 19:26:59.975015');
INSERT INTO task_to_groups (id, task_id, group_id, created_at, updated_at) VALUES (18, 19, 9, '2015-04-27 19:27:27.372905', '2015-04-27 19:27:27.372905');
INSERT INTO task_to_groups (id, task_id, group_id, created_at, updated_at) VALUES (19, 20, 9, '2015-04-27 19:30:30.182516', '2015-04-27 19:30:30.182516');
